Андрей Калашников;(932)797-94-93
Жанна Смирнова;(928)486-64-84
Арсений Маслов;(985)744-20-43
Дарья Панфилова;(981)659-46-32
Алексей Николаев;(995)606-33-46
Егор Воронцов;(960)541-98-05
Станислав Брагин;(985)050-14-27
Галина Харитонова;(906)484-44-19
Макар Некрасов;(905)090-34-01
Антон Мухин;(962)997-17-84
Фёдор Баранов;(921)935-11-36
Клавдия Кудряшова;(936)685-06-04
Виталий Макаров;(906)353-96-86
Роман Шубин;(913)498-10-45
Юрий Корнилов;(950)485-73-02
Валентин Шестаков;(909)349-71-14
Виталий Кудрявцев;(954)766-30-52
Дарья Котова;(985)256-54-69
Ксения Фомичева;(934)482-17-69
Зинаида Попова;(956)848-17-38
Оксана Назарова;(957)888-39-29
Никита Мельников;(998)307-77-98
Борис Степанов;(984)584-56-58
Алёна Давыдова;(921)752-90-06
Валентин Козлов;(950)701-28-10
Елизавета Зыкова;(951)537-07-85
Василий Хохлов;(935)283-60-55
Игорь Захаров;(909)579-97-39
Зинаида Михеева;(993)211-03-25
Геннадий Гришин;(929)503-92-87
Игорь Семенов;(927)114-42-80
Кира Шилова;(920)203-06-00
Татьяна Власова;(907)015-16-52
Евгения Орлова;(917)857-23-06
Денис Шаров;(967)222-63-00
Варвара Сергеева;(911)248-92-54
Анатолий Гусев;(939)992-16-00
Леонид Авдеев;(959)260-05-20
Маргарита Кулагина;(977)120-41-59
Александра Ситникова;(902)228-24-52
Алина Савина;(902)396-10-34
Римма Зайцева;(974)949-95-13
Лаврентий Галкин;(998)374-32-01
Антонина Журавлева;(922)379-71-80
Игорь Третьяков;(914)410-04-59
Зоя Кулакова;(961)932-75-90
Зинаида Соловьева;(919)567-85-49
Егор Морозов;(974)525-43-24
Валентин Филатов;(985)841-96-36
Лука Дьячков;(953)620-77-66
Анфиса Степанова;(928)286-24-33
Константин Носов;(917)168-53-44
Мария Ларионова;(999)857-78-87
Екатерина Веселова;(980)633-27-66
Евгения Васильева;(958)427-26-29
Галина Сидорова;(967)241-79-39
Алевтина Воронцова;(973)607-01-12
Владимир Федотов;(971)590-27-31
Ярослав Буров;(965)243-17-73
Лука Третьяков;(937)122-15-67
Василиса Воронова;(969)929-97-17
Геннадий Степанов;(971)726-92-81
Артём Меркушев;(965)329-35-32
Елизавета Захарова;(906)360-73-88
Иван Ефимов;(917)631-06-25
Валентина Гришина;(931)045-52-13
Антонина Павлова;(910)409-48-51
Денис Романов;(935)368-93-51
Михаил Лихачев;(904)475-91-59
Алексей Федотов;(914)967-42-17
Валентина Громова;(969)861-25-72
Валентин Абрамов;(924)846-43-18
Жанна Аксенова;(948)760-48-34
Лука Ильин;(908)612-15-43
Тамара Бирюкова;(993)801-29-63
Макар Гусев;(930)782-09-92
Маргарита Лукина;(940)259-32-89
Александра Щукина;(997)760-50-02
Георгий Максимов;(974)739-68-12
Игорь Кузнецов;(939)834-65-77
Вячеслав Федотов;(983)116-22-68
Валентин Казаков;(948)557-60-16
Иван Лихачев;(945)233-35-24
Александр Мартынов;(957)687-53-44
Арсений Ершов;(960)757-10-38
Вероника Воронова;(941)802-23-03
Тамара Орлова;(932)957-77-02
Ярослав Фомин;(966)434-99-63
Любовь Сидорова;(999)947-21-06
Марина Федосеева;(931)461-41-48
Алевтина Аксенова;(911)529-25-02
Сергей Фокин;(967)018-75-81
Галина Сазонова;(982)051-63-55
Андрей Андреев;(935)278-14-86
Ксения Лукина;(919)941-58-84
Александр Артемьев;(900)792-10-69
Наталья Савельева;(928)581-19-77
Маргарита Сидорова;(906)805-01-78
Илья Блинов;(972)866-17-90
привет;я петя
Андрей Калашников;(932)797-94-93
Жанна Смирнова;(928)486-64-84
Михаил Абрамов;(987)745-04-09
Арсений Маслов;(985)744-20-43
Дарья Панфилова;(981)659-46-32
Алексей Николаев;(995)606-33-46
Егор Воронцов;(960)541-98-05
Станислав Брагин;(985)050-14-27
Галина Харитонова;(906)484-44-19
Макар Некрасов;(905)090-34-01
Антон Мухин;(962)997-17-84
Фёдор Баранов;(921)935-11-36
Клавдия Кудряшова;(936)685-06-04
Виталий Макаров;(906)353-96-86
Роман Шубин;(913)498-10-45
Юрий Корнилов;(950)485-73-02
Валентин Шестаков;(909)349-71-14
Виталий Кудрявцев;(954)766-30-52
Дарья Котова;(985)256-54-69
Ксения Фомичева;(934)482-17-69
Зинаида Попова;(956)848-17-38
Оксана Назарова;(957)888-39-29
Никита Мельников;(998)307-77-98
Борис Степанов;(984)584-56-58
Алёна Давыдова;(921)752-90-06
Валентин Козлов;(950)701-28-10
Елизавета Зыкова;(951)537-07-85
Василий Хохлов;(935)283-60-55
Игорь Захаров;(909)579-97-39
Зинаида Михеева;(993)211-03-25
Геннадий Гришин;(929)503-92-87
Игорь Семенов;(927)114-42-80
Кира Шилова;(920)203-06-00
Татьяна Власова;(907)015-16-52
Евгения Орлова;(917)857-23-06
Денис Шаров;(967)222-63-00
Варвара Сергеева;(911)248-92-54
Анатолий Гусев;(939)992-16-00
Леонид Авдеев;(959)260-05-20
Маргарита Кулагина;(977)120-41-59
Александра Ситникова;(902)228-24-52
Алина Савина;(902)396-10-34
Римма Зайцева;(974)949-95-13
Лаврентий Галкин;(998)374-32-01
Антонина Журавлева;(922)379-71-80
Игорь Третьяков;(914)410-04-59
Зоя Кулакова;(961)932-75-90
Зинаида Соловьева;(919)567-85-49
Егор Морозов;(974)525-43-24
Валентин Филатов;(985)841-96-36
Лука Дьячков;(953)620-77-66
Анфиса Степанова;(928)286-24-33
Константин Носов;(917)168-53-44
Мария Ларионова;(999)857-78-87
Екатерина Веселова;(980)633-27-66
Евгения Васильева;(958)427-26-29
Галина Сидорова;(967)241-79-39
Алевтина Воронцова;(973)607-01-12
Владимир Федотов;(971)590-27-31
Ярослав Буров;(965)243-17-73
Лука Третьяков;(937)122-15-67
Василиса Воронова;(969)929-97-17
Геннадий Степанов;(971)726-92-81
Артём Меркушев;(965)329-35-32
Елизавета Захарова;(906)360-73-88
Иван Ефимов;(917)631-06-25
Валентина Гришина;(931)045-52-13
Антонина Павлова;(910)409-48-51
Денис Романов;(935)368-93-51
Михаил Лихачев;(904)475-91-59
Алексей Федотов;(914)967-42-17
Валентина Громова;(969)861-25-72
Валентин Абрамов;(924)846-43-18
Жанна Аксенова;(948)760-48-34
Лука Ильин;(908)612-15-43
Тамара Бирюкова;(993)801-29-63
Макар Гусев;(930)782-09-92
Маргарита Лукина;(940)259-32-89
Александра Щукина;(997)760-50-02
Георгий Максимов;(974)739-68-12
Игорь Кузнецов;(939)834-65-77
Вячеслав Федотов;(983)116-22-68
Валентин Казаков;(948)557-60-16
Иван Лихачев;(945)233-35-24
Александр Мартынов;(957)687-53-44
Арсений Ершов;(960)757-10-38
Вероника Воронова;(941)802-23-03
Тамара Орлова;(932)957-77-02
Ярослав Фомин;(966)434-99-63
Любовь Сидорова;(999)947-21-06
Марина Федосеева;(931)461-41-48
Алевтина Аксенова;(911)529-25-02
Сергей Фокин;(967)018-75-81
Галина Сазонова;(982)051-63-55
Андрей Андреев;(935)278-14-86
Ксения Лукина;(919)941-58-84
Александр Артемьев;(900)792-10-69
Наталья Савельева;(928)581-19-77
Маргарита Сидорова;(906)805-01-78
Илья Блинов;(972)866-17-90
привет;я петя
Михаил Абра;123456789
